,Time,Polonia,República Checa,Francia,Italia,Bélgica,Dinamarca,Suecia,Irlanda,Países Bajos,Reino Unido,Alemania
0,2021_Acumulado,7.865.370,1.731.141,123.007.720,230.446.676,53.882.732,4.191.680,8.585.209,4.747.182,178.607.869,42.775.095,196.025.757
1,2021M11,1.026.951,66.902,12.992.763,30.885.089,4.247.049,505.164,723.796,1.018.726,35.186.304,3.161.318,23.733.996
2,2021M10,719.417,84.056,7.735.753,6.687.123,5.202.484,454.991,1.167.503,331.710,22.533.426,3.540.810,31.231.364
3,2021M09,1.183.774,265.947,7.650.884,8.474.734,7.426.750,641.261,1.410.221,1.066.762,25.881.548,3.876.277,24.229.240
4,2021M08,548.923,294.308,7.617.475,25.701.516,7.100.870,348.110,927.643,682.895,14.463.688,3.736.112,13.060.456
5,2021M07,634.551,69.859,9.395.846,47.872.835,3.907.301,242.109,605.243,313.731,14.121.936,4.916.614,24.187.760
6,2021M06,415.143,283.150,11.381.407,24.137.966,5.792.774,357.777,649.711,397.251,11.842.746,3.558.841,15.837.884
7,2021M05,1.147.328,165.094,14.392.706,9.601.867,6.160.877,387.916,945.872,291.762,11.095.813,10.186.307,15.759.399
8,2021M04,354.412,178.850,9.580.218,22.250.566,4.271.057,243.081,683.877,150.296,16.989.464,2.800.094,13.735.715
9,2021M03,913.588,244.495,24.064.865,44.132.682,4.529.563,343.023,731.368,241.612,9.136.261,3.182.186,13.083.914
10,2021M02,330.607,32.258,8.766.032,5.166.469,2.743.004,405.293,473.571,185.995,8.191.505,2.889.501,9.603.717
11,2021M01,590.677,46.222,9.429.772,5.535.829,2.501.004,262.957,266.404,66.441,9.165.179,927.033,11.562.314
12,2020_Total,6.386.438,1.622.797,91.253.645,127.501.544,49.246.201,2.724.908,7.123.063,3.784.731,116.138.911,47.012.105,227.913.177
13,2020M12,359.069,180.404,8.911.439,17.706.680,8.339.416,442.039,571.038,278.831,8.551.608,2.295.662,17.645.259
14,2020M11,462.079,74.727,4.960.450,8.402.391,3.202.041,252.901,691.739,431.067,7.084.023,2.537.855,13.726.863
15,2020M10,583.812,61.571,7.450.046,5.933.279,3.245.716,205.760,586.319,542.319,7.071.042,3.756.066,10.322.666
16,2020M09,443.726,50.496,10.230.791,5.312.004,3.200.680,272.959,552.152,181.053,6.455.762,1.508.041,17.733.652
17,2020M08,449.724,39.327,6.067.183,5.065.375,3.610.405,189.856,272.696,302.886,7.871.415,5.818.487,16.528.218
18,2020M07,603.380,55.069,6.338.979,7.237.259,5.380.874,221.412,716.272,490.699,9.589.397,4.628.074,21.153.246
19,2020M06,599.312,259.787,6.107.607,23.355.657,3.583.286,241.143,789.467,481.083,10.405.205,6.001.354,18.540.795
20,2020M05,530.941,79.506,4.509.294,4.714.637,2.962.893,119.026,537.348,304.339,15.988.287,1.737.061,17.363.421
21,2020M04,452.488,93.330,7.015.230,2.440.113,2.210.381,93.195,198.556,158.600,9.654.242,2.362.222,17.147.444
22,2020M03,500.731,324.421,15.491.996,16.741.222,4.570.168,128.614,664.807,198.009,9.399.884,7.717.602,22.471.019
23,2020M02,849.992,195.497,7.290.211,7.313.245,4.758.267,376.274,1.085.826,280.293,13.159.386,5.846.149,34.332.676
24,2020M01,551.183,208.662,6.880.420,23.279.682,4.182.074,181.728,456.842,135.552,10.908.659,2.803.532,20.947.919
25,2019_Total,8.263.568,1.891.796,138.020.446,403.762.784,66.491.957,5.486.850,11.439.751,3.936.718,110.455.742,76.560.991,307.339.512
26,2019M12,422.252,72.163,7.797.041,6.307.971,6.004.349,437.680,232.657,201.128,8.411.416,2.046.475,24.961.994
27,2019M11,452.175,122.204,9.269.854,30.421.685,4.320.125,242.218,594.349,247.938,6.348.438,2.663.210,20.791.329
28,2019M10,457.673,115.002,8.773.710,22.675.073,4.434.106,468.541,1.121.164,417.077,9.167.227,8.303.605,21.244.446
29,2019M09,635.912,143.545,7.778.411,33.371.339,5.029.389,251.473,689.762,273.854,9.123.331,6.565.930,22.357.741
30,2019M08,517.735,57.563,8.001.063,5.979.655,4.874.936,331.036,760.067,529.709,9.138.580,4.508.695,20.255.555
31,2019M07,527.531,187.826,10.603.346,91.936.450,6.310.054,544.754,1.040.552,475.785,11.159.077,10.047.246,26.179.705
32,2019M06,1.425.861,180.252,11.881.512,32.840.663,6.944.714,329.823,1.280.645,304.682,7.097.235,10.624.679,26.690.137
33,2019M05,842.267,183.855,24.421.848,38.830.796,7.332.812,403.729,838.330,356.423,7.162.171,5.374.058,30.581.190
34,2019M04,831.453,74.642,11.714.499,31.549.856,4.514.989,1.213.291,1.575.112,338.355,10.593.221,10.691.896,28.885.280
35,2019M03,921.208,400.075,11.858.738,35.339.302,6.000.531,612.068,1.640.971,386.448,8.589.709,6.524.529,27.791.516
36,2019M02,709.149,97.543,8.128.543,7.346.900,5.816.359,380.811,838.887,185.088,7.943.091,2.174.171,29.279.819
37,2019M01,520.351,257.127,17.791.881,67.163.094,4.909.593,271.426,827.256,220.230,15.722.245,7.036.497,28.320.800
38,2018_Total,6.173.831,3.426.861,125.542.020,328.209.684,83.853.952,6.085.472,52.024.194,21.955.234,122.808.142,105.553.310,291.457.588
39,2018M12,506.823,103.205,6.227.271,5.171.271,5.249.906,344.100,406.563,271.112,4.991.310,2.338.615,20.888.693
40,2018M11,442.807,130.953,13.191.250,9.121.739,5.824.420,440.791,705.094,163.536,15.958.198,10.011.656,22.907.577
41,2018M10,395.417,250.436,9.107.563,47.463.124,10.106.726,369.889,43.438.329,471.509,7.094.447,3.226.694,21.359.943
42,2018M09,381.535,225.171,9.932.614,33.372.320,5.492.807,704.095,893.589,387.623,9.180.708,13.653.071,25.132.415
43,2018M08,816.004,148.722,11.360.703,18.554.251,6.938.037,556.809,964.540,345.039,6.616.340,4.870.184,21.418.802
44,2018M07,479.237,386.732,14.316.327,26.772.700,7.293.314,434.922,911.947,397.759,8.307.503,4.384.374,24.511.483
45,2018M06,768.080,435.526,9.637.556,28.736.058,7.756.457,755.624,1.282.378,1.320.950,12.603.241,20.124.826,20.156.972
46,2018M05,617.352,341.281,15.141.305,33.595.864,6.975.203,587.248,1.038.747,279.195,15.471.223,8.464.808,33.166.237
47,2018M04,366.533,388.071,8.521.339,25.515.898,7.344.051,403.521,678.623,15.771.334,9.764.441,5.689.651,33.206.201
48,2018M03,279.966,393.937,9.126.709,26.251.115,7.048.336,660.051,755.686,321.867,10.572.184,20.165.006,22.501.374
49,2018M02,658.767,355.529,10.647.759,38.790.509,8.386.365,301.426,705.621,2.099.389,15.403.922,10.466.770,24.861.654
50,2018M01,461.310,267.299,8.331.624,34.864.836,5.438.331,526.998,243.076,125.922,6.844.626,2.157.657,21.346.236
51,2017_Total,7.400.762,4.081.884,129.667.602,332.644.074,88.102.615,4.863.863,11.899.013,5.283.855,158.501.117,87.771.468,240.774.715
52,2017M12,401.022,215.572,13.378.497,4.937.426,3.506.575,287.609,628.417,133.939,6.163.825,7.639.203,14.946.819
53,2017M11,635.519,445.695,3.997.503,35.529.563,7.196.793,512.631,961.285,190.798,16.423.277,8.390.326,19.458.371
54,2017M10,670.516,374.096,10.659.186,22.131.847,12.156.662,293.508,1.072.027,234.840,14.081.636,6.794.875,21.400.409
55,2017M09,578.724,354.539,10.481.764,25.179.928,6.090.627,377.144,1.444.740,463.760,19.329.129,3.811.224,19.366.403
56,2017M08,508.463,225.793,12.738.277,34.805.445,10.046.089,401.445,901.415,461.344,11.070.028,3.946.211,19.087.339
57,2017M07,674.772,357.909,14.546.914,22.981.762,8.027.629,527.394,1.226.372,403.748,11.180.281,8.452.566,20.952.446
58,2017M06,855.492,415.759,12.418.015,25.886.297,12.068.089,512.028,1.194.541,1.414.881,14.231.293,9.451.834,24.633.919
59,2017M05,636.921,274.457,13.892.898,27.647.602,7.679.819,343.719,1.345.655,467.682,17.094.139,9.137.726,21.534.688
60,2017M04,590.333,276.817,7.895.269,33.045.675,5.733.375,367.311,866.123,612.049,12.105.943,10.604.930,19.743.909
61,2017M03,1.000.725,300.165,12.089.374,22.704.700,5.265.781,425.239,766.259,371.089,12.908.110,5.990.696,22.137.237
62,2017M02,465.851,580.218,7.315.957,29.622.414,3.385.261,461.736,1.032.254,148.817,8.540.118,5.394.232,22.535.661
63,2017M01,382.423,260.864,10.253.947,48.171.414,6.945.916,354.100,459.925,380.909,15.373.340,8.157.643,14.977.516
64,2016_Total,7.581.617,4.069.695,136.921.268,220.978.781,51.785.822,6.069.283,10.606.313,4.626.789,104.337.394,87.479.328,199.428.761
65,2016M12,420.678,700.212,8.213.304,21.468.186,3.055.847,309.481,917.109,669.741,7.823.632,8.078.009,13.779.678
66,2016M11,530.263,71.556,14.708.098,6.492.165,7.741.229,417.400,1.436.989,399.941,10.336.883,10.655.051,21.769.590
67,2016M10,712.864,59.322,7.961.220,20.585.229,3.113.715,344.105,671.971,396.755,6.202.329,4.330.667,15.282.967
68,2016M09,482.311,414.466,10.430.499,22.475.141,4.108.370,374.292,842.127,292.804,7.886.894,7.818.616,15.668.732
69,2016M08,615.569,256.425,11.057.443,9.371.355,4.819.820,433.235,927.976,490.126,8.880.643,3.979.261,12.672.736
70,2016M07,527.594,154.602,7.998.158,29.524.850,4.896.912,294.335,1.166.133,425.120,9.832.686,9.288.992,14.810.252
71,2016M06,643.939,428.356,16.987.234,25.121.168,4.198.451,582.163,1.165.439,392.693,12.272.497,4.821.119,15.221.411
72,2016M05,407.288,322.057,7.373.579,26.734.647,4.019.541,1.266.209,1.349.279,510.092,8.001.352,8.644.002,14.736.958
73,2016M04,812.588,590.628,21.059.558,19.106.570,5.059.611,555.971,826.785,446.092,9.084.568,5.488.825,19.301.140
74,2016M03,1.042.651,411.028,10.452.689,17.229.325,4.424.677,667.450,378.779,252.332,8.702.060,17.095.473,14.769.061
75,2016M02,591.528,407.296,11.724.278,15.468.640,2.835.485,507.330,506.661,296.252,8.167.990,4.867.467,24.339.588
76,2016M01,794.344,253.747,8.955.208,7.401.505,3.512.164,317.313,417.064,54.841,7.145.859,2.411.844,17.076.650
77,2015_Total,11.558.324,3.539.180,133.259.604,235.080.291,47.811.027,5.497.957,11.167.250,3.696.079,136.244.473,188.246.488,254.747.191
78,2015M12,306.868,361.265,9.140.592,11.234.417,6.850.062,606.666,522.547,365.262,5.827.914,4.082.871,23.464.988
79,2015M11,460.716,248.936,3.880.972,7.479.971,3.418.484,333.675,497.005,297.263,17.602.284,126.574.645,17.649.542
80,2015M10,428.073,282.227,6.833.794,6.001.620,4.534.669,918.443,617.381,180.605,10.818.558,3.673.099,30.229.180
81,2015M09,816.667,80.556,4.443.766,20.449.713,4.449.793,245.796,1.419.154,282.956,9.466.236,7.455.001,17.382.444
82,2015M08,899.248,259.934,6.267.202,30.290.879,6.064.172,308.542,1.213.599,403.109,11.787.053,3.392.124,14.263.300
83,2015M07,535.835,528.282,10.295.431,28.208.313,5.700.152,309.412,1.387.317,464.236,9.947.782,6.644.981,22.913.084
84,2015M06,360.130,327.003,15.508.853,25.371.027,4.505.446,438.713,1.329.759,274.686,11.079.748,5.075.642,20.161.856
85,2015M05,5.703.469,275.945,25.628.985,32.608.556,3.069.181,335.699,1.564.965,314.084,9.473.275,6.375.413,27.091.073
86,2015M04,407.318,435.100,13.924.615,27.029.230,3.510.629,564.558,855.313,455.796,6.691.215,13.193.245,23.239.374
87,2015M03,618.009,220.215,9.877.126,32.724.279,2.434.585,333.291,724.071,344.459,9.204.118,5.761.613,20.949.775
88,2015M02,493.410,252.527,12.137.948,4.867.757,1.695.305,230.944,381.711,173.113,14.040.250,3.734.269,21.262.694
89,2015M01,528.582,267.189,15.320.321,8.814.528,1.578.550,872.218,654.426,140.509,20.306.038,2.283.585,16.139.880
90,2014_Total,8.009.562,2.367.710,127.574.763,215.110.657,40.007.969,4.779.707,10.279.461,3.349.609,140.578.966,61.001.685,161.592.920
91,2014M12,326.097,101.064,10.231.618,20.625.899,1.694.488,365.400,426.232,427.419,12.513.468,3.554.366,11.888.486
92,2014M11,425.379,186.377,8.102.891,4.403.589,2.625.734,338.995,480.972,289.245,19.282.640,4.346.404,12.016.198
93,2014M10,1.295.907,266.353,16.455.192,24.024.392,3.895.873,440.256,1.060.717,314.915,22.732.314,3.657.068,12.553.889
94,2014M09,714.351,238.039,19.007.732,5.269.071,2.308.895,388.275,1.392.671,235.516,12.560.175,3.095.793,14.519.957
95,2014M08,832.985,109.198,19.932.026,30.180.767,2.673.904,382.507,1.331.037,345.538,22.506.010,4.711.310,10.116.716
96,2014M07,643.476,321.198,15.214.710,31.903.236,10.127.605,356.633,1.333.060,578.750,18.782.958,3.972.185,19.395.349
97,2014M06,427.582,151.476,16.026.292,5.505.514,2.795.981,480.818,1.251.830,303.813,9.451.054,11.907.819,15.074.602
98,2014M05,985.882,248.738,6.893.961,28.400.117,3.631.292,628.788,1.268.039,237.976,14.075.154,7.401.804,16.899.683
99,2014M04,531.797,219.392,4.647.586,31.193.417,2.640.524,354.593,572.353,194.645,2.071.796,9.204.028,14.885.891
100,2014M03,842.888,249.918,5.210.221,25.238.978,2.967.593,261.940,423.739,150.790,2.587.299,4.482.479,9.712.226
101,2014M02,412.932,19.988,2.448.814,4.123.071,3.231.487,234.234,465.801,125.500,2.392.684,2.183.791,11.521.949
102,2014M01,570.285,255.969,3.403.720,4.242.607,1.414.594,547.266,273.010,145.500,1.623.414,2.484.639,13.007.974
103,2013_Total,6.428.486,2.907.232,43.365.010,246.391.540,23.930.846,4.734.459,10.267.691,1.887.737,19.961.064,66.149.463,110.445.369
104,2013M12,317.095,119.141,3.109.724,28.181.899,1.353.142,448.962,557.508,128.439,1.504.221,6.567.213,13.970.467
105,2013M11,442.697,257.124,2.028.072,4.060.366,1.232.962,332.952,447.761,201.126,1.467.989,2.127.470,6.131.895
106,2013M10,466.492,212.117,4.239.240,29.801.093,1.578.459,186.209,847.583,97.114,1.633.603,2.214.408,12.681.725
107,2013M09,479.544,272.544,3.967.688,4.966.430,1.875.793,287.674,1.190.289,183.059,2.071.331,20.924.325,5.829.384
108,2013M08,657.203,152.518,2.970.264,30.566.363,2.195.773,168.802,1.397.153,278.943,1.393.131,3.273.266,5.605.825
109,2013M07,528.702,209.300,4.789.947,7.726.772,3.264.496,325.276,1.296.849,224.027,2.173.784,10.433.624,8.735.575
110,2013M06,449.032,213.579,3.521.068,48.766.495,2.005.541,538.046,1.560.060,200.695,2.100.992,2.105.492,15.428.104
111,2013M05,1.053.423,251.003,3.172.807,8.985.558,1.788.100,515.253,1.067.074,201.625,1.578.307,4.871.818,11.564.446
112,2013M04,715.994,350.206,3.330.840,29.741.355,4.659.688,459.420,399.002,91.004,1.671.881,7.359.177,9.473.224
113,2013M03,604.384,238.230,4.318.235,4.561.662,1.914.726,201.166,575.567,95.471,1.659.467,3.478.964,9.814.878
114,2013M02,255.508,244.387,4.851.030,26.557.164,765.669,1.003.172,618.315,88.617,1.663.406,1.429.195,6.361.693
115,2013M01,458.412,387.084,3.066.095,22.476.385,1.296.497,267.528,310.531,97.617,1.042.953,1.364.511,4.848.154
116,2012_Total,7.387.827,3.164.593,143.681.110,327.481.160,15.542.615,3.560.106,8.844.318,1.809.704,16.389.395,36.001.206,96.811.269
117,2012M12,499.444,171.843,2.879.778,26.684.261,999.080,131.896,449.759,22.532,1.694.868,3.109.169,5.291.660
118,2012M11,522.591,273.067,2.449.254,3.781.346,597.704,188.882,378.388,123.690,957.856,2.770.053,5.075.450
119,2012M10,906.958,307.005,2.867.996,28.860.019,930.487,251.139,650.887,75.521,1.197.564,5.908.156,6.743.495
120,2012M09,536.542,314.206,3.965.719,27.540.617,1.613.706,182.330,1.021.897,256.905,1.511.549,1.322.011,12.652.894
121,2012M08,577.061,193.159,3.578.195,29.637.439,1.441.105,178.392,1.102.724,193.967,1.144.741,3.766.732,6.670.736
122,2012M07,1.011.692,235.048,4.283.786,32.613.815,1.126.016,230.687,1.144.945,230.805,1.376.135,2.000.261,8.441.429
123,2012M06,701.781,305.599,4.720.197,24.429.321,1.272.094,236.390,893.896,186.036,1.085.360,2.417.440,7.251.611
124,2012M05,586.504,194.817,3.608.524,34.358.821,1.112.114,367.375,973.330,160.359,1.417.598,2.876.741,8.188.281
125,2012M04,413.774,209.432,103.591.025,34.498.281,2.149.347,479.604,402.488,142.615,1.200.369,2.587.550,8.827.703
126,2012M03,725.341,291.672,4.988.606,28.640.874,2.512.411,715.123,556.098,88.921,1.822.822,3.550.242,7.894.377
127,2012M02,488.527,304.899,3.797.882,4.558.231,961.915,274.966,634.778,181.553,1.741.281,3.757.854,10.351.403
128,2012M01,417.612,363.845,2.950.147,51.878.136,826.636,323.321,635.131,146.800,1.239.252,1.934.996,9.422.230
129,2011_Total,4.503.566,3.491.941,139.327.814,223.963.259,19.361.328,2.702.766,8.927.307,36.544.820,20.391.227,56.229.183,79.773.783
130,2011M12,446.333,269.818,3.060.140,2.768.330,1.063.411,159.458,699.894,212.972,1.004.593,2.539.283,4.733.977
131,2011M11,412.179,284.391,5.959.417,27.785.488,1.260.486,212.131,545.042,255.829,1.043.776,2.709.405,4.523.987
132,2011M10,810.191,256.569,3.173.543,28.510.584,1.311.165,241.338,602.522,94.015,1.537.684,3.114.723,6.675.293
133,2011M09,361.201,252.692,3.401.675,29.223.443,1.451.462,199.391,1.075.127,416.523,1.963.389,3.525.853,5.911.442
134,2011M08,292.144,134.299,3.419.407,42.048.856,1.780.805,225.726,830.437,331.961,2.052.456,4.385.790,6.370.685
135,2011M07,403.880,235.354,3.356.955,7.690.448,2.017.923,231.065,972.105,465.675,2.565.882,2.425.410,6.091.979
136,2011M06,293.235,312.136,52.648.368,10.227.288,1.528.382,193.299,864.442,33.808.607,1.631.446,4.263.242,10.015.264
137,2011M05,385.035,248.136,51.431.471,6.313.280,2.294.280,198.476,1.187.114,365.191,2.279.441,4.403.227,5.507.540
138,2011M04,341.987,319.513,2.903.084,30.310.262,1.234.283,119.052,615.858,204.203,1.524.554,18.696.700,5.543.947
139,2011M03,170.298,362.467,4.716.709,30.442.018,1.779.194,355.392,807.836,191.921,1.881.650,3.533.108,8.788.364
140,2011M02,449.915,371.833,2.662.732,4.594.061,1.566.726,155.601,363.746,85.980,1.499.062,4.060.154,7.362.351
141,2011M01,137.168,444.734,2.594.314,4.049.201,2.073.211,411.838,363.184,111.941,1.407.294,2.572.290,8.248.954
142,2010_Total,8.945.412,4.033.525,43.772.292,97.976.179,20.661.495,3.212.797,10.405.833,3.165.310,24.513.354,38.394.097,86.566.959
143,2010M12,204.574,303.784,3.289.454,4.807.755,2.775.108,108.682,653.507,174.911,1.469.263,4.699.493,5.180.265
144,2010M11,247.421,393.594,2.920.620,12.671.898,1.049.811,387.540,356.450,216.468,2.047.883,4.452.852,4.889.176
145,2010M10,255.973,497.525,2.056.704,4.679.356,1.349.326,171.224,576.919,145.293,2.078.486,1.888.789,5.439.830
146,2010M09,228.423,352.261,3.331.899,5.163.774,1.256.274,227.820,3.247.435,357.639,2.037.149,3.367.488,6.901.513
147,2010M08,422.646,245.017,3.995.948,3.853.129,1.750.835,193.215,727.554,337.626,1.892.910,2.359.001,8.899.568
148,2010M07,765.328,290.079,4.728.773,5.398.965,1.953.249,236.512,735.334,441.916,2.022.857,2.065.210,5.726.646
149,2010M06,1.064.103,288.067,4.570.070,6.062.619,1.592.417,307.082,1.092.641,221.858,2.303.062,4.369.077,5.464.062
150,2010M05,850.676,222.764,3.967.686,12.705.877,1.119.076,324.410,1.013.075,482.140,2.311.078,4.126.101,5.893.136
151,2010M04,1.404.236,280.048,4.460.344,14.513.932,1.216.324,218.656,424.754,214.081,1.995.057,3.573.915,11.607.468
152,2010M03,770.948,283.349,4.869.193,20.600.443,1.778.463,242.875,457.744,287.873,2.514.463,3.634.791,7.260.884
153,2010M02,2.297.637,400.734,2.813.934,4.244.678,1.832.235,638.452,585.599,96.637,2.871.031,1.757.323,12.953.004
154,2010M01,433.447,476.302,2.767.666,3.273.754,2.988.377,156.328,534.822,188.867,970.114,2.100.057,6.351.407
155,2009_Total,8.413.086,2.000.188,91.099.272,95.696.459,15.329.557,5.222.726,29.814.663,39.045.680,27.977.315,48.841.293,105.520.221
156,2009M12,1.078.107,228.712,2.324.876,3.857.898,1.635.877,361.364,18.740.811,170.491,1.870.330,9.411.265,7.236.878
157,2009M11,532.581,353.861,3.329.461,3.509.046,1.006.165,352.627,712.083,108.316,1.585.903,1.434.397,11.032.917
158,2009M10,691.811,291.854,2.738.013,4.012.520,1.637.109,537.114,841.526,146.364,1.470.573,3.296.590,8.575.187
159,2009M09,975.300,102.031,3.008.077,5.644.624,1.391.843,616.209,908.210,177.242,1.185.888,3.222.036,5.639.477
160,2009M08,724.448,29.805,3.427.131,2.662.767,1.115.528,748.900,1.219.534,398.789,1.533.910,3.366.130,14.561.152
161,2009M07,673.251,24.555,4.644.184,6.161.761,1.207.112,681.735,2.951.029,453.194,1.301.355,7.352.054,5.587.572
162,2009M06,632.416,64.763,9.353.500,13.211.046,1.516.838,399.097,1.201.085,36.295.133,1.656.825,3.387.101,7.375.015
163,2009M05,382.159,52.034,7.338.006,14.145.041,1.418.370,151.145,1.020.212,422.827,2.273.415,2.973.422,5.876.851
164,2009M04,779.192,229.121,42.522.227,25.046.901,1.262.340,438.586,881.310,313.251,1.822.735,1.938.535,8.255.423
165,2009M03,861.812,243.793,5.119.289,5.378.061,1.206.475,521.627,633.837,286.305,2.884.541,4.007.652,12.860.789
166,2009M02,451.791,133.721,3.753.090,6.079.118,1.075.811,229.658,430.397,181.201,1.571.574,5.718.555,14.011.175
167,2009M01,630.218,245.939,3.541.418,5.987.674,856.088,184.663,274.631,92.568,8.820.265,2.733.557,4.507.786
168,2008_Total,9.082.042,950.413,64.085.111,140.696.958,33.092.120,4.682.213,30.532.038,6.962.474,30.055.089,171.661.427,161.168.745
169,2008M12,208.436,88.818,3.882.543,5.231.699,925.654,197.036,391.556,383.806,1.374.502,13.912.381,10.775.543
170,2008M11,408.608,26.882,3.015.559,6.003.480,902.420,332.149,1.677.920,298.492,1.909.331,2.561.891,6.859.048
171,2008M10,407.781,62.936,7.039.957,7.014.737,1.142.491,196.730,4.920.923,536.398,1.991.413,4.714.647,10.997.084
172,2008M09,453.830,53.217,4.131.081,5.321.786,5.562.629,242.887,3.701.202,958.393,2.200.902,63.003.764,7.920.866
173,2008M08,823.922,22.765,4.279.152,6.105.580,5.567.236,301.889,846.439,669.785,2.188.861,3.783.637,8.641.026
174,2008M07,838.770,66.742,6.828.772,28.138.609,1.765.114,365.041,1.040.715,1.035.717,7.533.090,4.480.109,6.262.869
175,2008M06,987.324,11.723,5.051.823,10.982.765,1.840.263,783.129,1.941.502,821.126,1.889.253,4.190.340,10.974.251
176,2008M05,1.245.084,165.294,6.091.266,10.968.414,1.470.375,455.156,1.325.714,800.964,2.521.280,2.998.592,14.902.111
177,2008M04,886.543,303.284,7.884.207,11.303.400,10.764.102,408.421,2.567.227,458.890,1.928.960,31.920.342,37.705.087
178,2008M03,1.101.279,32.223,4.365.905,15.971.017,1.296.487,390.545,2.502.546,353.825,2.453.788,3.998.190,22.715.648
179,2008M02,974.578,67.998,5.258.730,9.063.203,1.177.068,727.282,7.618.414,442.723,2.129.849,33.003.291,12.784.908
180,2008M01,745.886,48.532,6.256.117,24.592.270,678.282,281.948,1.997.880,202.356,1.933.860,3.094.243,10.630.306
181,2007_Total,11.018.681,1.307.718,110.256.604,236.376.242,19.114.967,18.184.604,48.881.163,10.864.359,62.564.505,106.224.663,102.541.900
182,2007M12,978.754,33.237,11.012.048,7.585.060,1.095.294,257.301,2.791.394,431.144,1.126.792,12.569.727,7.331.178
183,2007M11,691.192,121.273,11.863.060,26.805.716,924.798,425.515,2.184.306,235.476,1.730.261,1.880.870,13.006.440
184,2007M10,780.892,53.897,6.413.040,7.766.571,1.119.384,395.574,4.035.883,526.634,2.043.597,3.662.757,6.712.011
185,2007M09,1.003.517,115.376,5.882.471,9.055.427,1.818.775,316.865,5.075.208,1.138.662,1.501.790,3.877.898,6.297.251
186,2007M08,1.098.255,91.490,6.406.396,16.769.714,1.653.572,506.912,2.538.700,1.404.895,7.314.531,2.931.505,9.457.030
187,2007M07,878.162,74.945,12.402.507,23.779.380,2.658.926,342.315,7.330.032,901.421,2.737.189,7.772.012,7.901.356
188,2007M06,655.738,194.258,12.501.705,38.065.924,2.447.226,490.436,9.533.388,1.194.690,27.895.885,5.974.200,10.527.937
189,2007M05,1.013.703,132.982,9.870.351,50.148.422,2.356.097,455.625,3.503.796,1.223.364,2.212.636,32.928.627,8.162.901
190,2007M04,897.457,81.864,9.830.270,7.911.515,1.739.380,914.048,3.053.968,1.029.506,2.215.153,16.236.540,10.040.944
191,2007M03,1.085.780,74.526,11.915.671,28.950.952,1.313.874,6.024.176,2.904.200,2.291.569,2.017.421,9.039.669,7.650.868
192,2007M02,1.190.455,114.750,6.046.534,7.424.370,966.440,344.462,4.676.264,333.039,2.095.745,3.432.031,10.578.265
193,2007M01,744.775,219.120,6.112.550,12.113.189,1.021.201,7.711.376,1.254.024,153.960,9.673.505,5.918.828,4.875.719
194,2006_Total,8.740.716,2.117.470,121.579.957,111.575.248,28.712.143,13.487.749,52.548.810,43.289.681,37.519.727,116.747.806,102.640.874
195,2006M12,506.927,259.871,3.264.417,10.502.177,839.475,364.634,16.163.293,912.116,1.748.727,7.415.804,8.718.743
196,2006M11,985.652,173.907,4.725.528,20.415.654,1.115.993,285.977,2.612.138,192.778,12.210.450,2.909.755,6.034.450
197,2006M10,970.461,112.345,4.910.075,6.115.306,11.820.829,854.121,2.240.679,652.371,1.956.684,17.940.643,8.634.151
198,2006M09,795.044,99.090,4.586.379,5.721.251,1.900.852,610.406,10.846.422,528.791,2.103.775,46.376.096,11.099.509
199,2006M08,811.992,174.777,4.547.808,4.273.817,1.819.452,506.780,2.683.311,910.162,3.594.459,6.113.311,9.723.797
200,2006M07,586.910,146.904,6.160.983,5.880.510,1.519.292,463.451,2.179.088,773.907,2.542.079,5.815.354,6.927.689
201,2006M06,1.220.923,217.440,25.283.349,6.935.517,2.634.621,543.964,3.010.032,395.918,1.947.389,8.258.666,7.988.812
202,2006M05,574.542,146.501,29.164.572,7.159.728,1.826.283,7.924.033,3.200.204,669.245,1.905.316,6.069.328,7.757.616
203,2006M04,800.443,130.666,25.423.523,6.435.298,1.403.251,404.099,2.459.540,37.548.579,4.407.298,3.440.917,8.023.751
204,2006M03,539.726,234.356,6.153.569,12.453.000,1.279.343,390.791,2.444.562,275.564,1.532.953,6.979.272,11.554.351
205,2006M02,431.292,204.685,3.720.527,21.006.592,1.470.047,407.931,2.689.498,299.638,1.922.832,3.366.187,5.353.795
206,2006M01,516.803,216.928,3.639.227,4.676.398,1.082.705,731.565,2.020.042,130.612,1.647.765,2.062.475,10.824.209
207,2005_Total,8.690.660,2.417.083,256.596.487,109.306.051,17.747.639,5.078.938,30.776.082,4.263.468,23.556.519,166.784.332,83.371.030
208,2005M12,933.950,316.601,6.500.733,5.343.865,1.570.248,737.393,1.731.122,109.443,2.673.426,7.312.991,8.178.842
209,2005M11,1.134.671,122.124,4.832.905,5.722.583,867.546,584.639,2.467.296,126.377,1.375.408,3.821.806,6.219.432
210,2005M10,557.528,616.638,12.827.827,14.629.240,1.319.690,370.684,2.513.596,126.720,1.595.459,4.428.969,7.255.277
211,2005M09,228.319,63.873,4.953.236,16.010.768,1.556.813,557.257,3.236.864,406.141,2.015.088,11.088.810,6.571.481
212,2005M08,448.924,85.728,22.475.494,4.615.916,1.592.354,556.212,2.407.007,618.258,2.222.760,5.316.027,7.190.075
213,2005M07,567.532,272.925,6.458.453,12.490.407,2.526.202,464.694,2.120.215,245.947,2.264.682,8.075.213,7.737.645
214,2005M06,1.174.252,410.618,143.913.319,6.259.119,1.686.852,366.839,2.754.229,393.805,1.935.134,4.707.284,7.960.193
215,2005M05,728.382,81.851,34.803.435,10.977.817,2.086.968,337.635,2.992.269,354.820,2.084.953,5.357.266,6.889.057
216,2005M04,2.136.218,160.289,4.768.458,8.782.790,1.691.667,490.282,2.328.817,465.133,2.121.730,105.470.567,10.850.583
217,2005M03,279.111,114.496,7.480.924,10.333.163,1.421.866,298.883,3.333.144,1.185.057,2.294.978,5.836.980,5.200.637
218,2005M02,356.949,140.070,4.274.270,7.021.218,861.013,163.097,2.412.157,141.958,1.686.347,3.970.374,3.696.740
219,2005M01,144.823,31.870,3.307.431,7.119.165,566.419,151.325,2.479.367,89.809,1.286.554,1.398.043,5.621.069
220,2004_Total,4.350.822,1.250.508,296.540.037,219.272.097,16.727.699,4.700.716,20.397.098,6.174.789,27.200.250,71.730.752,73.048.014
221,2004M12,215.165,101.569,5.586.619,5.825.988,812.026,196.409,2.673.719,196.260,1.671.440,3.554.673,5.123.624
222,2004M11,312.579,49.895,4.685.928,5.519.989,527.385,242.232,1.373.746,3.758.050,1.130.153,3.668.824,2.766.588
223,2004M10,307.270,61.527,3.468.574,14.632.795,5.357.105,416.488,2.859.266,333.879,1.116.969,4.549.120,4.445.697
224,2004M09,347.993,130.754,11.011.304,9.867.264,1.029.150,480.140,1.715.065,198.340,3.017.744,4.884.295,15.796.805
225,2004M08,409.397,144.421,5.348.635,3.714.812,1.173.500,381.550,1.432.729,387.154,2.037.235,7.601.732,6.640.548
226,2004M07,289.040,86.752,5.569.978,6.346.834,2.285.115,355.614,2.110.422,331.497,2.406.459,6.551.059,5.067.120
227,2004M06,427.911,230.269,63.586.972,15.816.297,1.186.344,601.550,1.359.476,94.863,3.700.111,7.248.091,6.434.887
228,2004M05,299.996,50.954,103.043.584,69.819.999,726.593,324.395,2.233.282,177.998,3.120.656,8.072.447,5.944.644
229,2004M04,403.716,59.905,5.424.428,66.373.477,1.304.666,666.098,1.412.517,158.619,2.416.711,5.961.824,5.692.717
230,2004M03,609.211,84.352,45.643.159,7.470.849,808.899,331.661,1.370.592,79.474,3.060.392,12.491.573,8.146.602
231,2004M02,458.257,168.801,4.627.025,4.996.606,868.047,533.758,778.069,338.490,1.825.362,4.553.327,4.199.694
232,2004M01,270.287,81.310,38.543.832,8.887.188,648.868,170.820,1.078.213,120.165,1.697.018,2.593.787,2.789.087
233,2003_Total,4.161.966,1.519.124,466.057.324,69.672.803,62.256.378,5.445.786,73.869.271,5.569.451,28.343.355,76.713.684,85.498.525
234,2003M12,364.063,191.290,2.521.905,7.961.741,673.665,191.220,1.323.747,64.764,1.719.581,3.627.923,4.642.162
235,2003M11,435.835,66.461,2.797.411,7.475.069,718.069,722.028,564.054,78.309,1.287.121,5.068.375,3.163.737
236,2003M10,239.421,115.433,4.885.510,5.114.806,714.588,367.409,1.608.282,252.696,1.509.914,8.126.184,5.161.070
237,2003M09,567.802,72.800,4.115.029,3.908.316,993.421,529.036,1.536.382,267.663,2.655.870,9.868.357,10.594.907
238,2003M08,260.791,85.795,7.189.461,6.251.156,780.902,337.824,1.149.593,104.165,1.966.859,6.444.237,4.125.724
239,2003M07,333.594,96.101,7.146.385,5.181.242,1.092.013,572.742,892.057,3.596.741,2.838.648,6.148.092,6.174.314
240,2003M06,253.488,68.521,44.913.746,5.526.851,1.071.438,461.694,1.219.480,159.957,3.353.133,7.316.715,14.143.218
241,2003M05,298.136,73.126,88.913.156,5.823.765,1.456.369,634.126,3.116.415,96.904,1.536.638,8.387.018,6.591.420
242,2003M04,264.954,292.946,101.708.277,6.669.429,51.539.315,210.807,59.598.889,269.597,1.475.444,6.110.109,6.590.690
243,2003M03,410.837,92.483,52.706.897,7.574.568,1.042.425,371.868,861.156,252.305,6.216.714,6.781.182,7.461.373
244,2003M02,414.163,197.626,73.600.092,5.112.180,1.101.219,224.191,771.741,229.722,1.869.975,4.476.803,11.664.311
245,2003M01,318.881,166.543,75.559.456,3.073.679,1.072.953,822.841,1.227.477,196.628,1.913.458,4.358.690,5.185.599
246,2002_Total,2.730.918,778.819,515.112.012,60.884.806,13.083.626,5.405.481,13.965.049,1.947.124,32.179.993,75.555.592,144.622.970
247,2002M12,222.761,202.697,7.065.646,5.098.718,786.246,516.597,2.053.053,223.817,8.575.459,5.509.471,63.014.647
248,2002M11,226.547,49.532,2.480.168,5.132.036,891.602,512.987,1.039.718,303.773,1.661.205,3.679.269,5.286.335
249,2002M10,416.721,44.346,51.153.895,3.756.865,1.253.309,399.797,940.962,162.561,1.376.169,6.436.396,5.295.712
250,2002M09,233.141,72.717,6.307.099,3.932.433,1.090.922,485.672,1.392.514,167.787,1.975.230,7.615.672,5.589.950
251,2002M08,262.959,81.054,4.213.865,5.459.487,777.389,428.085,902.309,287.901,4.356.166,5.281.273,7.583.583
252,2002M07,179.723,85.025,5.801.050,3.893.854,1.123.593,437.389,1.107.726,140.795,5.633.143,7.117.763,7.305.510
253,2002M06,147.015,27.552,4.851.267,5.902.649,1.099.181,480.806,909.415,139.882,2.002.483,6.420.190,11.216.633
254,2002M05,184.192,37.254,104.636.655,4.255.433,1.381.516,555.092,1.734.880,93.538,1.731.730,8.178.064,8.089.281
255,2002M04,177.439,77.125,170.073.918,3.790.076,1.026.766,329.160,1.009.313,121.196,1.309.330,5.506.478,12.542.990
256,2002M03,278.360,39.008,53.729.201,4.821.375,1.739.127,595.564,735.035,93.429,1.092.316,11.332.798,9.109.410
257,2002M02,240.248,34.245,99.421.891,11.062.527,908.179,355.756,911.037,4.548,1.033.838,4.763.193,5.102.484
258,2002M01,161.812,28.264,5.377.358,3.779.353,1.005.797,308.572,1.229.087,207.895,1.432.924,3.715.025,4.486.436
259,2001_Total,5.800.213,740.268,202.354.606,62.998.806,16.803.839,6.050.229,15.295.009,2.215.249,19.606.200,143.140.230,101.530.601
260,2001M12,141.011,56.842,3.670.516,4.216.475,912.521,264.580,688.594,246.547,2.984.561,3.342.475,7.493.955
261,2001M11,167.515,39.734,54.588.080,3.952.086,746.866,423.169,1.867.236,172.207,699.818,3.846.682,4.868.650
262,2001M10,159.916,45.457,56.142.483,4.297.405,3.788.902,345.754,770.616,231.629,1.402.209,13.554.501,7.223.415
263,2001M09,179.688,44.935,4.722.550,4.669.069,1.083.284,577.069,853.360,326.451,955.778,29.903.219,4.662.675
264,2001M08,151.048,64.756,5.853.680,6.593.251,1.369.344,694.566,1.229.450,262.383,1.774.065,9.814.252,4.900.638
265,2001M07,86.804,61.600,6.154.495,5.109.580,1.475.238,1.075.411,1.798.844,162.357,1.862.962,13.098.362,4.755.641
266,2001M06,97.195,56.419,45.177.106,8.762.483,2.630.965,615.401,1.476.777,149.489,1.358.795,14.084.672,28.608.750
267,2001M05,117.823,85.638,6.115.289,5.313.264,1.285.194,665.871,1.467.386,273.690,1.573.092,12.637.813,11.474.951
268,2001M04,139.173,69.964,7.090.981,5.289.699,958.657,647.841,1.712.275,32.719,1.446.247,4.464.788,6.133.220
269,2001M03,942.910,141.526,5.915.227,5.787.793,1.028.407,250.597,1.791.590,88.311,2.580.235,17.648.230,7.949.880
270,2001M02,494.880,39.976,4.403.548,4.237.933,680.034,258.046,922.847,149.891,1.391.552,15.419.119,8.893.511
271,2001M01,3.122.251,33.419,2.520.651,4.769.770,844.428,231.925,716.033,119.575,1.576.887,5.326.115,4.565.315
272,2000_Total,1.676.541,660.619,72.836.641,59.369.015,14.214.927,7.787.912,15.225.896,115.179.537,24.325.596,180.537.160,268.118.430
273,2000M12,120.052,44.192,3.887.978,6.018.475,643.276,459.870,1.638.051,253.743,881.404,9.068.588,44.682.298
274,2000M11,177.654,80.464,3.862.338,3.360.425,616.152,454.428,1.082.922,120.645,734.300,18.372.771,54.656.747
275,2000M10,219.485,48.925,17.564.629,4.445.402,1.400.899,489.103,1.321.267,150.439,995.904,12.436.391,55.039.343
276,2000M09,141.592,75.707,4.546.784,3.751.473,1.328.366,1.015.626,1.468.504,97.014,1.385.625,14.099.434,54.790.873
277,2000M08,158.036,53.108,4.569.698,5.304.394,1.232.635,789.652,1.350.206,26.043.822,1.123.154,12.153.669,5.763.412
278,2000M07,174.196,59.481,7.851.544,4.250.550,1.284.549,1.227.515,1.374.895,46.523.565,1.568.808,7.140.322,8.093.084
279,2000M06,82.742,48.086,4.882.837,6.563.170,1.018.089,636.836,1.197.337,25.407.127,3.684.816,7.389.170,10.730.654
280,2000M05,150.010,35.245,5.341.304,6.552.962,1.039.326,770.330,1.930.422,110.396,1.414.704,67.262.734,8.422.501
281,2000M04,120.453,68.862,4.564.579,4.826.761,1.125.213,513.883,1.147.497,96.681,8.264.743,6.768.984,5.918.835
282,2000M03,149.543,40.466,7.985.219,6.141.112,717.818,681.696,1.099.118,256.949,1.579.630,7.377.126,8.738.354
283,2000M02,0,21.951,3.764.094,4.109.928,3.191.670,331.645,629.878,37.376,1.067.411,7.656.172,4.973.344
